type,year,url
minutes,2007,https://www.rba.gov.au/monetary-policy/rba-board-minutes/2007/01052007.html
minutes,2007,https://www.rba.gov.au/monetary-policy/rba-board-minutes/2007/02102007.html
minutes,2007,https://www.rba.gov.au/monetary-policy/rba-board-minutes/2007/03042007.html
minutes,2007,https://www.rba.gov.au/monetary-policy/rba-board-minutes/2007/03072007.html
minutes,2007,https://www.rba.gov.au/monetary-policy/rba-board-minutes/2007/04092007.html
minutes,2007,https://www.rba.gov.au/monetary-policy/rba-board-minutes/2007/04122007.html
minutes,2007,https://www.rba.gov.au/monetary-policy/rba-board-minutes/2007/05062007.html
minutes,2007,https://www.rba.gov.au/monetary-policy/rba-board-minutes/2007/06022007.html
minutes,2007,https://www.rba.gov.au/monetary-policy/rba-board-minutes/2007/06032007.html
minutes,2007,https://www.rba.gov.au/monetary-policy/rba-board-minutes/2007/06112007.html
minutes,2007,https://www.rba.gov.au/monetary-policy/rba-board-minutes/2007/07082007.html
minutes,2008,https://www.rba.gov.au/monetary-policy/rba-board-minutes/2008/01042008.html
minutes,2008,https://www.rba.gov.au/monetary-policy/rba-board-minutes/2008/01072008.html
minutes,2008,https://www.rba.gov.au/monetary-policy/rba-board-minutes/2008/02092008.html
minutes,2008,https://www.rba.gov.au/monetary-policy/rba-board-minutes/2008/02122008.html
minutes,2008,https://www.rba.gov.au/monetary-policy/rba-board-minutes/2008/03062008.html
minutes,2008,https://www.rba.gov.au/monetary-policy/rba-board-minutes/2008/04032008.html
minutes,2008,https://www.rba.gov.au/monetary-policy/rba-board-minutes/2008/04112008.html
minutes,2008,https://www.rba.gov.au/monetary-policy/rba-board-minutes/2008/05022008.html
minutes,2008,https://www.rba.gov.au/monetary-policy/rba-board-minutes/2008/05082008.html
minutes,2008,https://www.rba.gov.au/monetary-policy/rba-board-minutes/2008/06052008.html
minutes,2008,https://www.rba.gov.au/monetary-policy/rba-board-minutes/2008/07102008.html
minutes,2009,https://www.rba.gov.au/monetary-policy/rba-board-minutes/2009/01092009.html
minutes,2009,https://www.rba.gov.au/monetary-policy/rba-board-minutes/2009/01122009.html
minutes,2009,https://www.rba.gov.au/monetary-policy/rba-board-minutes/2009/02062009.html
minutes,2009,https://www.rba.gov.au/monetary-policy/rba-board-minutes/2009/03022009.html
minutes,2009,https://www.rba.gov.au/monetary-policy/rba-board-minutes/2009/03032009.html
minutes,2009,https://www.rba.gov.au/monetary-policy/rba-board-minutes/2009/03112009.html
minutes,2009,https://www.rba.gov.au/monetary-policy/rba-board-minutes/2009/04082009.html
minutes,2009,https://www.rba.gov.au/monetary-policy/rba-board-minutes/2009/05052009.html
minutes,2009,https://www.rba.gov.au/monetary-policy/rba-board-minutes/2009/06102009.html
minutes,2009,https://www.rba.gov.au/monetary-policy/rba-board-minutes/2009/07042009.html
minutes,2009,https://www.rba.gov.au/monetary-policy/rba-board-minutes/2009/07072009.html
minutes,2010,https://www.rba.gov.au/monetary-policy/rba-board-minutes/2010/01062010.html
minutes,2010,https://www.rba.gov.au/monetary-policy/rba-board-minutes/2010/02022010.html
minutes,2010,https://www.rba.gov.au/monetary-policy/rba-board-minutes/2010/02032010.html
minutes,2010,https://www.rba.gov.au/monetary-policy/rba-board-minutes/2010/02112010.html
minutes,2010,https://www.rba.gov.au/monetary-policy/rba-board-minutes/2010/03082010.html
minutes,2010,https://www.rba.gov.au/monetary-policy/rba-board-minutes/2010/04052010.html
minutes,2010,https://www.rba.gov.au/monetary-policy/rba-board-minutes/2010/05102010.html
minutes,2010,https://www.rba.gov.au/monetary-policy/rba-board-minutes/2010/06042010.html
minutes,2010,https://www.rba.gov.au/monetary-policy/rba-board-minutes/2010/06072010.html
minutes,2010,https://www.rba.gov.au/monetary-policy/rba-board-minutes/2010/07092010.html
minutes,2010,https://www.rba.gov.au/monetary-policy/rba-board-minutes/2010/07122010.html
minutes,2011,https://www.rba.gov.au/monetary-policy/rba-board-minutes/2011/01022011.html
minutes,2011,https://www.rba.gov.au/monetary-policy/rba-board-minutes/2011/01032011.html
minutes,2011,https://www.rba.gov.au/monetary-policy/rba-board-minutes/2011/01112011.html
minutes,2011,https://www.rba.gov.au/monetary-policy/rba-board-minutes/2011/02082011.html
minutes,2011,https://www.rba.gov.au/monetary-policy/rba-board-minutes/2011/03052011.html
minutes,2011,https://www.rba.gov.au/monetary-policy/rba-board-minutes/2011/04102011.html
minutes,2011,https://www.rba.gov.au/monetary-policy/rba-board-minutes/2011/05042011.html
minutes,2011,https://www.rba.gov.au/monetary-policy/rba-board-minutes/2011/05072011.html
minutes,2011,https://www.rba.gov.au/monetary-policy/rba-board-minutes/2011/06092011.html
minutes,2011,https://www.rba.gov.au/monetary-policy/rba-board-minutes/2011/06122011.html
minutes,2011,https://www.rba.gov.au/monetary-policy/rba-board-minutes/2011/07062011.html
minutes,2012,https://www.rba.gov.au/monetary-policy/rba-board-minutes/2012/01052012.html
minutes,2012,https://www.rba.gov.au/monetary-policy/rba-board-minutes/2012/02102012.html
minutes,2012,https://www.rba.gov.au/monetary-policy/rba-board-minutes/2012/03042012.html
minutes,2012,https://www.rba.gov.au/monetary-policy/rba-board-minutes/2012/03072012.html
minutes,2012,https://www.rba.gov.au/monetary-policy/rba-board-minutes/2012/04092012.html
minutes,2012,https://www.rba.gov.au/monetary-policy/rba-board-minutes/2012/04122012.html
minutes,2012,https://www.rba.gov.au/monetary-policy/rba-board-minutes/2012/05062012.html
minutes,2012,https://www.rba.gov.au/monetary-policy/rba-board-minutes/2012/06032012.html
minutes,2012,https://www.rba.gov.au/monetary-policy/rba-board-minutes/2012/06112012.html
minutes,2012,https://www.rba.gov.au/monetary-policy/rba-board-minutes/2012/07022012.html
minutes,2012,https://www.rba.gov.au/monetary-policy/rba-board-minutes/2012/07082012.html
minutes,2013,https://www.rba.gov.au/monetary-policy/rba-board-minutes/2013/01102013.html
minutes,2013,https://www.rba.gov.au/monetary-policy/rba-board-minutes/2013/02042013.html
minutes,2013,https://www.rba.gov.au/monetary-policy/rba-board-minutes/2013/02072013.html
minutes,2013,https://www.rba.gov.au/monetary-policy/rba-board-minutes/2013/03092013.html
minutes,2013,https://www.rba.gov.au/monetary-policy/rba-board-minutes/2013/03122013.html
minutes,2013,https://www.rba.gov.au/monetary-policy/rba-board-minutes/2013/04062013.html
minutes,2013,https://www.rba.gov.au/monetary-policy/rba-board-minutes/2013/05022013.html
minutes,2013,https://www.rba.gov.au/monetary-policy/rba-board-minutes/2013/05032013.html
minutes,2013,https://www.rba.gov.au/monetary-policy/rba-board-minutes/2013/05112013.html
minutes,2013,https://www.rba.gov.au/monetary-policy/rba-board-minutes/2013/06082013.html
minutes,2013,https://www.rba.gov.au/monetary-policy/rba-board-minutes/2013/07052013.html
minutes,2014,https://www.rba.gov.au/monetary-policy/rba-board-minutes/2014/01042014.html
minutes,2014,https://www.rba.gov.au/monetary-policy/rba-board-minutes/2014/01072014.html
minutes,2014,https://www.rba.gov.au/monetary-policy/rba-board-minutes/2014/02092014.html
minutes,2014,https://www.rba.gov.au/monetary-policy/rba-board-minutes/2014/02122014.html
minutes,2014,https://www.rba.gov.au/monetary-policy/rba-board-minutes/2014/03062014.html
minutes,2014,https://www.rba.gov.au/monetary-policy/rba-board-minutes/2014/04022014.html
minutes,2014,https://www.rba.gov.au/monetary-policy/rba-board-minutes/2014/04032014.html
minutes,2014,https://www.rba.gov.au/monetary-policy/rba-board-minutes/2014/04112014.html
minutes,2014,https://www.rba.gov.au/monetary-policy/rba-board-minutes/2014/05082014.html
minutes,2014,https://www.rba.gov.au/monetary-policy/rba-board-minutes/2014/06052014.html
minutes,2014,https://www.rba.gov.au/monetary-policy/rba-board-minutes/2014/07102014.html
minutes,2015,https://www.rba.gov.au/monetary-policy/rba-board-minutes/2015/2015-02-03.html
minutes,2015,https://www.rba.gov.au/monetary-policy/rba-board-minutes/2015/2015-03-03.html
minutes,2015,https://www.rba.gov.au/monetary-policy/rba-board-minutes/2015/2015-04-07.html
minutes,2015,https://www.rba.gov.au/monetary-policy/rba-board-minutes/2015/2015-05-05.html
minutes,2015,https://www.rba.gov.au/monetary-policy/rba-board-minutes/2015/2015-06-02.html
minutes,2015,https://www.rba.gov.au/monetary-policy/rba-board-minutes/2015/2015-07-07.html
minutes,2015,https://www.rba.gov.au/monetary-policy/rba-board-minutes/2015/2015-08-04.html
minutes,2015,https://www.rba.gov.au/monetary-policy/rba-board-minutes/2015/2015-09-01.html
minutes,2015,https://www.rba.gov.au/monetary-policy/rba-board-minutes/2015/2015-10-06.html
minutes,2015,https://www.rba.gov.au/monetary-policy/rba-board-minutes/2015/2015-11-03.html
minutes,2015,https://www.rba.gov.au/monetary-policy/rba-board-minutes/2015/2015-12-01.html
minutes,2016,https://www.rba.gov.au/monetary-policy/rba-board-minutes/2016/2016-02-02.html
minutes,2016,https://www.rba.gov.au/monetary-policy/rba-board-minutes/2016/2016-03-01.html
minutes,2016,https://www.rba.gov.au/monetary-policy/rba-board-minutes/2016/2016-04-05.html
minutes,2016,https://www.rba.gov.au/monetary-policy/rba-board-minutes/2016/2016-05-03.html
minutes,2016,https://www.rba.gov.au/monetary-policy/rba-board-minutes/2016/2016-06-07.html
minutes,2016,https://www.rba.gov.au/monetary-policy/rba-board-minutes/2016/2016-07-05.html
minutes,2016,https://www.rba.gov.au/monetary-policy/rba-board-minutes/2016/2016-08-02.html
minutes,2016,https://www.rba.gov.au/monetary-policy/rba-board-minutes/2016/2016-09-06.html
minutes,2016,https://www.rba.gov.au/monetary-policy/rba-board-minutes/2016/2016-10-04.html
minutes,2016,https://www.rba.gov.au/monetary-policy/rba-board-minutes/2016/2016-11-01.html
minutes,2016,https://www.rba.gov.au/monetary-policy/rba-board-minutes/2016/2016-12-06.html
minutes,2017,https://www.rba.gov.au/monetary-policy/rba-board-minutes/2017/2017-02-07.html
minutes,2017,https://www.rba.gov.au/monetary-policy/rba-board-minutes/2017/2017-03-07.html
minutes,2017,https://www.rba.gov.au/monetary-policy/rba-board-minutes/2017/2017-04-04.html
minutes,2017,https://www.rba.gov.au/monetary-policy/rba-board-minutes/2017/2017-05-02.html
minutes,2017,https://www.rba.gov.au/monetary-policy/rba-board-minutes/2017/2017-06-06.html
minutes,2017,https://www.rba.gov.au/monetary-policy/rba-board-minutes/2017/2017-07-04.html
minutes,2017,https://www.rba.gov.au/monetary-policy/rba-board-minutes/2017/2017-08-01.html
minutes,2017,https://www.rba.gov.au/monetary-policy/rba-board-minutes/2017/2017-09-05.html
minutes,2017,https://www.rba.gov.au/monetary-policy/rba-board-minutes/2017/2017-10-03.html
minutes,2017,https://www.rba.gov.au/monetary-policy/rba-board-minutes/2017/2017-11-07.html
minutes,2017,https://www.rba.gov.au/monetary-policy/rba-board-minutes/2017/2017-12-05.html
minutes,2018,https://www.rba.gov.au/monetary-policy/rba-board-minutes/2018/2018-02-06.html
minutes,2018,https://www.rba.gov.au/monetary-policy/rba-board-minutes/2018/2018-03-06.html
minutes,2018,https://www.rba.gov.au/monetary-policy/rba-board-minutes/2018/2018-04-03.html
minutes,2018,https://www.rba.gov.au/monetary-policy/rba-board-minutes/2018/2018-05-01.html
minutes,2018,https://www.rba.gov.au/monetary-policy/rba-board-minutes/2018/2018-06-05.html
minutes,2018,https://www.rba.gov.au/monetary-policy/rba-board-minutes/2018/2018-07-03.html
minutes,2018,https://www.rba.gov.au/monetary-policy/rba-board-minutes/2018/2018-08-07.html
minutes,2018,https://www.rba.gov.au/monetary-policy/rba-board-minutes/2018/2018-09-04.html
minutes,2018,https://www.rba.gov.au/monetary-policy/rba-board-minutes/2018/2018-10-02.html
minutes,2018,https://www.rba.gov.au/monetary-policy/rba-board-minutes/2018/2018-11-06.html
minutes,2018,https://www.rba.gov.au/monetary-policy/rba-board-minutes/2018/2018-12-04.html
minutes,2019,https://www.rba.gov.au/monetary-policy/rba-board-minutes/2019/2019-02-05.html
minutes,2019,https://www.rba.gov.au/monetary-policy/rba-board-minutes/2019/2019-03-05.html
minutes,2019,https://www.rba.gov.au/monetary-policy/rba-board-minutes/2019/2019-04-02.html
minutes,2019,https://www.rba.gov.au/monetary-policy/rba-board-minutes/2019/2019-05-07.html
minutes,2019,https://www.rba.gov.au/monetary-policy/rba-board-minutes/2019/2019-06-04.html
minutes,2019,https://www.rba.gov.au/monetary-policy/rba-board-minutes/2019/2019-07-02.html
minutes,2019,https://www.rba.gov.au/monetary-policy/rba-board-minutes/2019/2019-08-06.html
minutes,2019,https://www.rba.gov.au/monetary-policy/rba-board-minutes/2019/2019-09-03.html
minutes,2019,https://www.rba.gov.au/monetary-policy/rba-board-minutes/2019/2019-10-01.html
minutes,2019,https://www.rba.gov.au/monetary-policy/rba-board-minutes/2019/2019-11-05.html
minutes,2019,https://www.rba.gov.au/monetary-policy/rba-board-minutes/2019/2019-12-03.html
minutes,2020,https://www.rba.gov.au/monetary-policy/rba-board-minutes/2020/2020-02-04.html
minutes,2020,https://www.rba.gov.au/monetary-policy/rba-board-minutes/2020/2020-03-03.html
minutes,2020,https://www.rba.gov.au/monetary-policy/rba-board-minutes/2020/2020-03-18.html
minutes,2020,https://www.rba.gov.au/monetary-policy/rba-board-minutes/2020/2020-04-07.html
minutes,2020,https://www.rba.gov.au/monetary-policy/rba-board-minutes/2020/2020-05-05.html
minutes,2020,https://www.rba.gov.au/monetary-policy/rba-board-minutes/2020/2020-06-02.html
minutes,2020,https://www.rba.gov.au/monetary-policy/rba-board-minutes/2020/2020-07-07.html
minutes,2020,https://www.rba.gov.au/monetary-policy/rba-board-minutes/2020/2020-08-04.html
minutes,2020,https://www.rba.gov.au/monetary-policy/rba-board-minutes/2020/2020-09-01.html
minutes,2020,https://www.rba.gov.au/monetary-policy/rba-board-minutes/2020/2020-10-06.html
minutes,2020,https://www.rba.gov.au/monetary-policy/rba-board-minutes/2020/2020-11-03.html
minutes,2020,https://www.rba.gov.au/monetary-policy/rba-board-minutes/2020/2020-12-01.html
minutes,2021,https://www.rba.gov.au/monetary-policy/rba-board-minutes/2021/2021-02-02.html
minutes,2021,https://www.rba.gov.au/monetary-policy/rba-board-minutes/2021/2021-03-02.html
minutes,2021,https://www.rba.gov.au/monetary-policy/rba-board-minutes/2021/2021-04-06.html
minutes,2021,https://www.rba.gov.au/monetary-policy/rba-board-minutes/2021/2021-05-04.html
minutes,2021,https://www.rba.gov.au/monetary-policy/rba-board-minutes/2021/2021-06-01.html
minutes,2021,https://www.rba.gov.au/monetary-policy/rba-board-minutes/2021/2021-07-06.html
minutes,2021,https://www.rba.gov.au/monetary-policy/rba-board-minutes/2021/2021-08-03.html
minutes,2021,https://www.rba.gov.au/monetary-policy/rba-board-minutes/2021/2021-09-07.html
minutes,2021,https://www.rba.gov.au/monetary-policy/rba-board-minutes/2021/2021-10-05.html
minutes,2021,https://www.rba.gov.au/monetary-policy/rba-board-minutes/2021/2021-11-02.html
minutes,2021,https://www.rba.gov.au/monetary-policy/rba-board-minutes/2021/2021-12-07.html
minutes,2022,https://www.rba.gov.au/monetary-policy/rba-board-minutes/2022/2022-02-01.html
minutes,2022,https://www.rba.gov.au/monetary-policy/rba-board-minutes/2022/2022-03-01.html
minutes,2022,https://www.rba.gov.au/monetary-policy/rba-board-minutes/2022/2022-04-05.html
minutes,2022,https://www.rba.gov.au/monetary-policy/rba-board-minutes/2022/2022-05-03.html
minutes,2022,https://www.rba.gov.au/monetary-policy/rba-board-minutes/2022/2022-06-07.html
minutes,2022,https://www.rba.gov.au/monetary-policy/rba-board-minutes/2022/2022-07-05.html
minutes,2022,https://www.rba.gov.au/monetary-policy/rba-board-minutes/2022/2022-08-02.html
minutes,2022,https://www.rba.gov.au/monetary-policy/rba-board-minutes/2022/2022-09-06.html
minutes,2022,https://www.rba.gov.au/monetary-policy/rba-board-minutes/2022/2022-10-04.html
minutes,2022,https://www.rba.gov.au/monetary-policy/rba-board-minutes/2022/2022-11-01.html
minutes,2022,https://www.rba.gov.au/monetary-policy/rba-board-minutes/2022/2022-12-06.html
minutes,2023,https://www.rba.gov.au/monetary-policy/rba-board-minutes/2023/2023-02-07.html
minutes,2023,https://www.rba.gov.au/monetary-policy/rba-board-minutes/2023/2023-03-07.html
minutes,2023,https://www.rba.gov.au/monetary-policy/rba-board-minutes/2023/2023-04-04.html
minutes,2023,https://www.rba.gov.au/monetary-policy/rba-board-minutes/2023/2023-05-02.html
minutes,2023,https://www.rba.gov.au/monetary-policy/rba-board-minutes/2023/2023-06-06.html
minutes,2023,https://www.rba.gov.au/monetary-policy/rba-board-minutes/2023/2023-07-04.html
minutes,2023,https://www.rba.gov.au/monetary-policy/rba-board-minutes/2023/2023-08-01.html
minutes,2023,https://www.rba.gov.au/monetary-policy/rba-board-minutes/2023/2023-09-05.html
minutes,2023,https://www.rba.gov.au/monetary-policy/rba-board-minutes/2023/2023-10-03.html
minutes,2023,https://www.rba.gov.au/monetary-policy/rba-board-minutes/2023/2023-11-07.html
minutes,2023,https://www.rba.gov.au/monetary-policy/rba-board-minutes/2023/2023-12-05.html
minutes,2024,https://www.rba.gov.au/monetary-policy/rba-board-minutes/2024/2024-02-06.html
minutes,2024,https://www.rba.gov.au/monetary-policy/rba-board-minutes/2024/2024-03-19.html
minutes,2024,https://www.rba.gov.au/monetary-policy/rba-board-minutes/2024/2024-05-07.html
minutes,2024,https://www.rba.gov.au/monetary-policy/rba-board-minutes/2024/2024-06-18.html
minutes,2024,https://www.rba.gov.au/monetary-policy/rba-board-minutes/2024/2024-08-06.html
minutes,2024,https://www.rba.gov.au/monetary-policy/rba-board-minutes/2024/2024-09-24.html
minutes,2024,https://www.rba.gov.au/monetary-policy/rba-board-minutes/2024/2024-11-05.html
minutes,2024,https://www.rba.gov.au/monetary-policy/rba-board-minutes/2024/2024-12-10.html
minutes,2025,https://www.rba.gov.au/monetary-policy/rba-board-minutes/2025/2025-02-18.html
minutes,2025,https://www.rba.gov.au/monetary-policy/rba-board-minutes/2025/2025-04-01.html
minutes,2025,https://www.rba.gov.au/monetary-policy/rba-board-minutes/2025/2025-05-20.html
minutes,2025,https://www.rba.gov.au/monetary-policy/rba-board-minutes/2025/2025-07-08.html
minutes,2025,https://www.rba.gov.au/monetary-policy/rba-board-minutes/2025/2025-08-12.html
minutes,2025,https://www.rba.gov.au/monetary-policy/rba-board-minutes/2025/2025-09-30.html
minutes,2025,https://www.rba.gov.au/monetary-policy/rba-board-minutes/2025/2025-11-04.html
minutes,2025,https://www.rba.gov.au/monetary-policy/rba-board-minutes/2025/2025-12-09.html
minutes,2026,https://www.rba.gov.au/monetary-policy/rba-board-minutes/2026/2026-02-03.html
minutes,2026,https://www.rba.gov.au/monetary-policy/rba-board-minutes/2026/2026-03-17.html
minutes,2026,https://www.rba.gov.au/monetary-policy/rba-board-minutes/2026/2026-05-05.html
minutes,2026,https://www.rba.gov.au/monetary-policy/rba-board-minutes/2026/2026-06-16.html
minutes,2026,https://www.rba.gov.au/monetary-policy/rba-board-minutes/2026/2026-08-11.html
