type,year,month,page_url,pdf_url
smp,2007,feb,https://www.rba.gov.au/publications/smp/2007/feb/,https://www.rba.gov.au/publications/smp/2007/feb/pdf/statement-on-monetary-policy-2007-02.pdf
smp,2007,may,https://www.rba.gov.au/publications/smp/2007/may/,https://www.rba.gov.au/publications/smp/2007/may/pdf/statement-on-monetary-policy-2007-05.pdf
smp,2007,aug,https://www.rba.gov.au/publications/smp/2007/aug/,https://www.rba.gov.au/publications/smp/2007/aug/pdf/statement-on-monetary-policy-2007-08.pdf
smp,2007,nov,https://www.rba.gov.au/publications/smp/2007/nov/,https://www.rba.gov.au/publications/smp/2007/nov/pdf/statement-on-monetary-policy-2007-11.pdf
smp,2008,feb,https://www.rba.gov.au/publications/smp/2008/feb/,https://www.rba.gov.au/publications/smp/2008/feb/pdf/statement-on-monetary-policy-2008-02.pdf
smp,2008,may,https://www.rba.gov.au/publications/smp/2008/may/,https://www.rba.gov.au/publications/smp/2008/may/pdf/statement-on-monetary-policy-2008-05.pdf
smp,2008,aug,https://www.rba.gov.au/publications/smp/2008/aug/,https://www.rba.gov.au/publications/smp/2008/aug/pdf/statement-on-monetary-policy-2008-08.pdf
smp,2008,nov,https://www.rba.gov.au/publications/smp/2008/nov/,https://www.rba.gov.au/publications/smp/2008/nov/pdf/statement-on-monetary-policy-2008-11.pdf
smp,2009,feb,https://www.rba.gov.au/publications/smp/2009/feb/,https://www.rba.gov.au/publications/smp/2009/feb/pdf/statement-on-monetary-policy-2009-02.pdf
smp,2009,may,https://www.rba.gov.au/publications/smp/2009/may/,https://www.rba.gov.au/publications/smp/2009/may/pdf/statement-on-monetary-policy-2009-05.pdf
smp,2009,aug,https://www.rba.gov.au/publications/smp/2009/aug/,https://www.rba.gov.au/publications/smp/2009/aug/pdf/statement-on-monetary-policy-2009-08.pdf
smp,2009,nov,https://www.rba.gov.au/publications/smp/2009/nov/,https://www.rba.gov.au/publications/smp/2009/nov/pdf/statement-on-monetary-policy-2009-11.pdf
smp,2010,feb,https://www.rba.gov.au/publications/smp/2010/feb/,https://www.rba.gov.au/publications/smp/2010/feb/pdf/statement-on-monetary-policy-2010-02.pdf
smp,2010,may,https://www.rba.gov.au/publications/smp/2010/may/,https://www.rba.gov.au/publications/smp/2010/may/pdf/statement-on-monetary-policy-2010-05.pdf
smp,2010,aug,https://www.rba.gov.au/publications/smp/2010/aug/,https://www.rba.gov.au/publications/smp/2010/aug/pdf/statement-on-monetary-policy-2010-08.pdf
smp,2010,nov,https://www.rba.gov.au/publications/smp/2010/nov/,https://www.rba.gov.au/publications/smp/2010/nov/pdf/statement-on-monetary-policy-2010-11.pdf
smp,2011,feb,https://www.rba.gov.au/publications/smp/2011/feb/,https://www.rba.gov.au/publications/smp/2011/feb/pdf/statement-on-monetary-policy-2011-02.pdf
smp,2011,may,https://www.rba.gov.au/publications/smp/2011/may/,https://www.rba.gov.au/publications/smp/2011/may/pdf/statement-on-monetary-policy-2011-05.pdf
smp,2011,aug,https://www.rba.gov.au/publications/smp/2011/aug/,https://www.rba.gov.au/publications/smp/2011/aug/pdf/statement-on-monetary-policy-2011-08.pdf
smp,2011,nov,https://www.rba.gov.au/publications/smp/2011/nov/,https://www.rba.gov.au/publications/smp/2011/nov/pdf/statement-on-monetary-policy-2011-11.pdf
smp,2012,feb,https://www.rba.gov.au/publications/smp/2012/feb/,https://www.rba.gov.au/publications/smp/2012/feb/pdf/statement-on-monetary-policy-2012-02.pdf
smp,2012,may,https://www.rba.gov.au/publications/smp/2012/may/,https://www.rba.gov.au/publications/smp/2012/may/pdf/statement-on-monetary-policy-2012-05.pdf
smp,2012,aug,https://www.rba.gov.au/publications/smp/2012/aug/,https://www.rba.gov.au/publications/smp/2012/aug/pdf/statement-on-monetary-policy-2012-08.pdf
smp,2012,nov,https://www.rba.gov.au/publications/smp/2012/nov/,https://www.rba.gov.au/publications/smp/2012/nov/pdf/statement-on-monetary-policy-2012-11.pdf
smp,2013,feb,https://www.rba.gov.au/publications/smp/2013/feb/,https://www.rba.gov.au/publications/smp/2013/feb/pdf/statement-on-monetary-policy-2013-02.pdf
smp,2013,may,https://www.rba.gov.au/publications/smp/2013/may/,https://www.rba.gov.au/publications/smp/2013/may/pdf/statement-on-monetary-policy-2013-05.pdf
smp,2013,aug,https://www.rba.gov.au/publications/smp/2013/aug/,https://www.rba.gov.au/publications/smp/2013/aug/pdf/statement-on-monetary-policy-2013-08.pdf
smp,2013,nov,https://www.rba.gov.au/publications/smp/2013/nov/,https://www.rba.gov.au/publications/smp/2013/nov/pdf/statement-on-monetary-policy-2013-11.pdf
smp,2014,feb,https://www.rba.gov.au/publications/smp/2014/feb/,https://www.rba.gov.au/publications/smp/2014/feb/pdf/statement-on-monetary-policy-2014-02.pdf
smp,2014,may,https://www.rba.gov.au/publications/smp/2014/may/,https://www.rba.gov.au/publications/smp/2014/may/pdf/statement-on-monetary-policy-2014-05.pdf
smp,2014,aug,https://www.rba.gov.au/publications/smp/2014/aug/,https://www.rba.gov.au/publications/smp/2014/aug/pdf/statement-on-monetary-policy-2014-08.pdf
smp,2014,nov,https://www.rba.gov.au/publications/smp/2014/nov/,https://www.rba.gov.au/publications/smp/2014/nov/pdf/statement-on-monetary-policy-2014-11.pdf
smp,2015,feb,https://www.rba.gov.au/publications/smp/2015/feb/,https://www.rba.gov.au/publications/smp/2015/feb/pdf/statement-on-monetary-policy-2015-02.pdf
smp,2015,may,https://www.rba.gov.au/publications/smp/2015/may/,https://www.rba.gov.au/publications/smp/2015/may/pdf/statement-on-monetary-policy-2015-05.pdf
smp,2015,aug,https://www.rba.gov.au/publications/smp/2015/aug/,https://www.rba.gov.au/publications/smp/2015/aug/pdf/statement-on-monetary-policy-2015-08.pdf
smp,2015,nov,https://www.rba.gov.au/publications/smp/2015/nov/,https://www.rba.gov.au/publications/smp/2015/nov/pdf/statement-on-monetary-policy-2015-11.pdf
smp,2016,feb,https://www.rba.gov.au/publications/smp/2016/feb/,https://www.rba.gov.au/publications/smp/2016/feb/pdf/statement-on-monetary-policy-2016-02.pdf
smp,2016,may,https://www.rba.gov.au/publications/smp/2016/may/,https://www.rba.gov.au/publications/smp/2016/may/pdf/statement-on-monetary-policy-2016-05.pdf
smp,2016,aug,https://www.rba.gov.au/publications/smp/2016/aug/,https://www.rba.gov.au/publications/smp/2016/aug/pdf/statement-on-monetary-policy-2016-08.pdf
smp,2016,nov,https://www.rba.gov.au/publications/smp/2016/nov/,https://www.rba.gov.au/publications/smp/2016/nov/pdf/statement-on-monetary-policy-2016-11.pdf
smp,2017,feb,https://www.rba.gov.au/publications/smp/2017/feb/,https://www.rba.gov.au/publications/smp/2017/feb/pdf/statement-on-monetary-policy-2017-02.pdf
smp,2017,may,https://www.rba.gov.au/publications/smp/2017/may/,https://www.rba.gov.au/publications/smp/2017/may/pdf/statement-on-monetary-policy-2017-05.pdf
smp,2017,aug,https://www.rba.gov.au/publications/smp/2017/aug/,https://www.rba.gov.au/publications/smp/2017/aug/pdf/statement-on-monetary-policy-2017-08.pdf
smp,2017,nov,https://www.rba.gov.au/publications/smp/2017/nov/,https://www.rba.gov.au/publications/smp/2017/nov/pdf/statement-on-monetary-policy-2017-11.pdf
smp,2018,feb,https://www.rba.gov.au/publications/smp/2018/feb/,https://www.rba.gov.au/publications/smp/2018/feb/pdf/statement-on-monetary-policy-2018-02.pdf
smp,2018,may,https://www.rba.gov.au/publications/smp/2018/may/,https://www.rba.gov.au/publications/smp/2018/may/pdf/statement-on-monetary-policy-2018-05.pdf
smp,2018,aug,https://www.rba.gov.au/publications/smp/2018/aug/,https://www.rba.gov.au/publications/smp/2018/aug/pdf/statement-on-monetary-policy-2018-08.pdf
smp,2018,nov,https://www.rba.gov.au/publications/smp/2018/nov/,https://www.rba.gov.au/publications/smp/2018/nov/pdf/statement-on-monetary-policy-2018-11.pdf
smp,2019,feb,https://www.rba.gov.au/publications/smp/2019/feb/,https://www.rba.gov.au/publications/smp/2019/feb/pdf/statement-on-monetary-policy-2019-02.pdf
smp,2019,may,https://www.rba.gov.au/publications/smp/2019/may/,https://www.rba.gov.au/publications/smp/2019/may/pdf/statement-on-monetary-policy-2019-05.pdf
smp,2019,aug,https://www.rba.gov.au/publications/smp/2019/aug/,https://www.rba.gov.au/publications/smp/2019/aug/pdf/statement-on-monetary-policy-2019-08.pdf
smp,2019,nov,https://www.rba.gov.au/publications/smp/2019/nov/,https://www.rba.gov.au/publications/smp/2019/nov/pdf/statement-on-monetary-policy-2019-11.pdf
smp,2020,feb,https://www.rba.gov.au/publications/smp/2020/feb/,https://www.rba.gov.au/publications/smp/2020/feb/pdf/statement-on-monetary-policy-2020-02.pdf
smp,2020,may,https://www.rba.gov.au/publications/smp/2020/may/,https://www.rba.gov.au/publications/smp/2020/may/pdf/statement-on-monetary-policy-2020-05.pdf
smp,2020,aug,https://www.rba.gov.au/publications/smp/2020/aug/,https://www.rba.gov.au/publications/smp/2020/aug/pdf/statement-on-monetary-policy-2020-08.pdf
smp,2020,nov,https://www.rba.gov.au/publications/smp/2020/nov/,https://www.rba.gov.au/publications/smp/2020/nov/pdf/statement-on-monetary-policy-2020-11.pdf
smp,2021,feb,https://www.rba.gov.au/publications/smp/2021/feb/,https://www.rba.gov.au/publications/smp/2021/feb/pdf/statement-on-monetary-policy-2021-02.pdf
smp,2021,may,https://www.rba.gov.au/publications/smp/2021/may/,https://www.rba.gov.au/publications/smp/2021/may/pdf/statement-on-monetary-policy-2021-05.pdf
smp,2021,aug,https://www.rba.gov.au/publications/smp/2021/aug/,https://www.rba.gov.au/publications/smp/2021/aug/pdf/statement-on-monetary-policy-2021-08.pdf
smp,2021,nov,https://www.rba.gov.au/publications/smp/2021/nov/,https://www.rba.gov.au/publications/smp/2021/nov/pdf/statement-on-monetary-policy-2021-11.pdf
smp,2022,feb,https://www.rba.gov.au/publications/smp/2022/feb/,https://www.rba.gov.au/publications/smp/2022/feb/pdf/statement-on-monetary-policy-2022-02.pdf
smp,2022,may,https://www.rba.gov.au/publications/smp/2022/may/,https://www.rba.gov.au/publications/smp/2022/may/pdf/statement-on-monetary-policy-2022-05.pdf
smp,2022,aug,https://www.rba.gov.au/publications/smp/2022/aug/,https://www.rba.gov.au/publications/smp/2022/aug/pdf/statement-on-monetary-policy-2022-08.pdf
smp,2022,nov,https://www.rba.gov.au/publications/smp/2022/nov/,https://www.rba.gov.au/publications/smp/2022/nov/pdf/statement-on-monetary-policy-2022-11.pdf
smp,2023,feb,https://www.rba.gov.au/publications/smp/2023/feb/,https://www.rba.gov.au/publications/smp/2023/feb/pdf/statement-on-monetary-policy-2023-02.pdf
smp,2023,may,https://www.rba.gov.au/publications/smp/2023/may/,https://www.rba.gov.au/publications/smp/2023/may/pdf/statement-on-monetary-policy-2023-05.pdf
smp,2023,aug,https://www.rba.gov.au/publications/smp/2023/aug/,https://www.rba.gov.au/publications/smp/2023/aug/pdf/statement-on-monetary-policy-2023-08.pdf
smp,2023,nov,https://www.rba.gov.au/publications/smp/2023/nov/,https://www.rba.gov.au/publications/smp/2023/nov/pdf/statement-on-monetary-policy-2023-11.pdf
smp,2024,feb,https://www.rba.gov.au/publications/smp/2024/feb/,https://www.rba.gov.au/publications/smp/2024/feb/pdf/statement-on-monetary-policy-2024-02.pdf
smp,2024,may,https://www.rba.gov.au/publications/smp/2024/may/,https://www.rba.gov.au/publications/smp/2024/may/pdf/statement-on-monetary-policy-2024-05.pdf
smp,2024,aug,https://www.rba.gov.au/publications/smp/2024/aug/,https://www.rba.gov.au/publications/smp/2024/aug/pdf/statement-on-monetary-policy-2024-08.pdf
smp,2024,nov,https://www.rba.gov.au/publications/smp/2024/nov/,https://www.rba.gov.au/publications/smp/2024/nov/pdf/statement-on-monetary-policy-2024-11.pdf
smp,2025,feb,https://www.rba.gov.au/publications/smp/2025/feb/,https://www.rba.gov.au/publications/smp/2025/feb/pdf/statement-on-monetary-policy-2025-02.pdf
smp,2025,may,https://www.rba.gov.au/publications/smp/2025/may/,https://www.rba.gov.au/publications/smp/2025/may/pdf/statement-on-monetary-policy-2025-05.pdf
smp,2025,aug,https://www.rba.gov.au/publications/smp/2025/aug/,https://www.rba.gov.au/publications/smp/2025/aug/pdf/statement-on-monetary-policy-2025-08.pdf
smp,2025,nov,https://www.rba.gov.au/publications/smp/2025/nov/,https://www.rba.gov.au/publications/smp/2025/nov/pdf/statement-on-monetary-policy-2025-11.pdf
smp,2026,feb,https://www.rba.gov.au/publications/smp/2026/feb/,https://www.rba.gov.au/publications/smp/2026/feb/pdf/statement-on-monetary-policy-2026-02.pdf
smp,2026,may,https://www.rba.gov.au/publications/smp/2026/may/,https://www.rba.gov.au/publications/smp/2026/may/pdf/statement-on-monetary-policy-2026-05.pdf
smp,2026,aug,https://www.rba.gov.au/publications/smp/2026/aug/,https://www.rba.gov.au/publications/smp/2026/aug/pdf/statement-on-monetary-policy-2026-08.pdf
